image,label
pic1 (1).jpg,pedestrian
pic1 (2).jpg,pedestrian
pic1 (3).jpg,pedestrian
pic1 (4).jpg,pedestrian
pic1 (5).jpg,pedestrian
pic1 (6).jpg,pedestrian
pic1 (7).jpg,pedestrian
pic1 (8).jpg,pedestrian
pic1 (9).jpg,pedestrian
pic1 (10).jpg,pedestrian
pic1 (11).jpg,pedestrian
pic1 (12).jpg,pedestrian
pic1 (13).jpg,pedestrian
pic1 (14).jpg,pedestrian
pic1 (15).jpg,pedestrian
pic1 (16).jpg,pedestrian
pic1 (17).jpg,pedestrian
pic1 (18).jpg,pedestrian
pic1 (19).jpg,pedestrian
pic1 (20).jpg,pedestrian
pic1 (21).jpg,pedestrian
pic1 (22).jpg,pedestrian
pic1 (23).jpg,pedestrian
pic1 (24).jpg,pedestrian
pic1 (25).jpg,pedestrian
pic1 (26).jpg,pedestrian
pic1 (27).jpg,pedestrian
pic1 (28).jpg,pedestrian
pic1 (29).jpg,pedestrian
pic1 (30).jpg,pedestrian
pic1 (31).jpg,pedestrian
pic1 (32).jpg,pedestrian
pic1 (33).jpg,pedestrian
pic1 (34).jpg,pedestrian
pic1 (35).jpg,pedestrian
pic1 (36).jpg,pedestrian
pic1 (37).jpg,pedestrian
pic1 (38).jpg,pedestrian
pic1 (39).jpg,pedestrian
pic1 (40).jpg,pedestrian
pic1 (41).jpg,pedestrian
pic1 (42).jpg,pedestrian
pic1 (43).jpg,pedestrian
pic1 (44).jpg,pedestrian
pic1 (45).jpg,pedestrian
pic1 (46).jpg,pedestrian
pic1 (47).jpg,pedestrian
pic1 (48).jpg,pedestrian
pic1 (49).jpg,pedestrian
pic1 (50).jpg,pedestrian
pic1 (51).jpg,pedestrian
pic1 (52).jpg,pedestrian
pic1 (53).jpg,pedestrian
pic1 (54).jpg,pedestrian
pic1 (55).jpg,pedestrian
pic1 (56).jpg,pedestrian
pic1 (57).jpg,pedestrian
pic1 (58).jpg,pedestrian
pic1 (59).jpg,pedestrian
pic1 (60).jpg,pedestrian
pic1 (61).jpg,pedestrian
pic1 (62).jpg,pedestrian
pic1 (63).jpg,pedestrian
pic1 (64).jpg,pedestrian
pic1 (65).jpg,pedestrian
pic1 (66).jpg,pedestrian
pic1 (67).jpg,pedestrian
pic1 (68).jpg,pedestrian
pic1 (69).jpg,pedestrian
pic1 (70).jpg,pedestrian
pic1 (71).jpg,pedestrian
pic1 (72).jpg,pedestrian
pic1 (73).jpg,pedestrian
pic1 (74).jpg,pedestrian
pic1 (75).jpg,pedestrian
pic1 (76).jpg,pedestrian
pic1 (77).jpg,pedestrian
pic1 (78).jpg,pedestrian
pic1 (79).jpg,pedestrian
pic1 (80).jpg,pedestrian
pic1 (81).jpg,pedestrian
pic1 (82).jpg,pedestrian
pic1 (83).jpg,pedestrian
pic1 (84).jpg,pedestrian
pic1 (85).jpg,pedestrian
pic1 (86).jpg,pedestrian
pic1 (87).jpg,pedestrian
pic1 (88).jpg,pedestrian
pic1 (89).jpg,pedestrian
pic1 (90).jpg,pedestrian
pic1 (91).jpg,pedestrian
pic1 (92).jpg,pedestrian
pic1 (93).jpg,pedestrian
pic1 (94).jpg,pedestrian
pic1 (95).jpg,pedestrian
pic1 (96).jpg,pedestrian
pic1 (97).jpg,pedestrian
pic1 (98).jpg,pedestrian
pic1 (99).jpg,pedestrian
pic1 (100).jpg,pedestrian
pic1 (101).jpg,pedestrian
pic1 (102).jpg,pedestrian
pic1 (103).jpg,pedestrian
pic1 (104).jpg,pedestrian
pic1 (105).jpg,pedestrian
pic1 (106).jpg,pedestrian
pic1 (107).jpg,pedestrian
pic1 (108).jpg,pedestrian
pic1 (109).jpg,pedestrian
pic1 (110).jpg,pedestrian
pic1 (111).jpg,pedestrian
pic1 (112).jpg,pedestrian
pic1 (113).jpg,pedestrian
pic1 (114).jpg,pedestrian
pic1 (115).jpg,pedestrian
pic1 (116).jpg,pedestrian
pic1 (117).jpg,pedestrian
pic1 (118).jpg,pedestrian
pic1 (119).jpg,pedestrian
pic1 (120).jpg,pedestrian
pic1 (121).jpg,pedestrian
pic1 (122).jpg,pedestrian
pic1 (123).jpg,pedestrian
pic1 (124).jpg,pedestrian
pic1 (125).jpg,pedestrian
pic1 (126).jpg,pedestrian
pic1 (127).jpg,pedestrian
pic1 (128).jpg,pedestrian
pic1 (129).jpg,pedestrian
pic1 (130).jpg,pedestrian
pic1 (131).jpg,pedestrian
pic1 (132).jpg,pedestrian
pic1 (133).jpg,pedestrian
pic1 (134).jpg,pedestrian
pic1 (135).jpg,pedestrian
pic1 (136).jpg,pedestrian
pic1 (137).jpg,pedestrian
pic1 (138).jpg,pedestrian
pic1 (139).jpg,pedestrian
pic1 (140).jpg,pedestrian
pic1 (141).jpg,pedestrian
pic1 (142).jpg,pedestrian
pic1 (143).jpg,pedestrian
pic1 (144).jpg,pedestrian
pic1 (145).jpg,pedestrian
pic1 (146).jpg,pedestrian
pic1 (147).jpg,pedestrian
pic1 (148).jpg,pedestrian
pic1 (149).jpg,pedestrian
pic1 (150).jpg,pedestrian
pic1 (151).jpg,pedestrian
pic1 (152).jpg,pedestrian
pic1 (153).jpg,pedestrian
pic1 (154).jpg,pedestrian
pic1 (155).jpg,pedestrian
pic1 (156).jpg,pedestrian
pic1 (157).jpg,pedestrian
pic1 (158).jpg,pedestrian
pic1 (159).jpg,pedestrian
pic1 (160).jpg,pedestrian
pic1 (161).jpg,pedestrian
pic1 (162).jpg,pedestrian
pic1 (163).jpg,pedestrian
pic1 (164).jpg,pedestrian
pic1 (165).jpg,pedestrian
pic1 (166).jpg,pedestrian
pic1 (167).jpg,pedestrian
pic1 (168).jpg,pedestrian
pic1 (169).jpg,pedestrian
pic1 (170).jpg,pedestrian
pic1 (171).jpg,pedestrian
pic1 (172).jpg,pedestrian
pic1 (173).jpg,pedestrian
pic1 (174).jpg,pedestrian
pic1 (175).jpg,pedestrian
pic1 (176).jpg,pedestrian
pic1 (177).jpg,pedestrian
pic1 (178).jpg,pedestrian
pic1 (179).jpg,pedestrian
pic1 (180).jpg,pedestrian
pic1 (181).jpg,pedestrian
pic1 (182).jpg,pedestrian
pic1 (183).jpg,pedestrian
pic1 (184).jpg,pedestrian
pic1 (185).jpg,pedestrian
pic1 (186).jpg,pedestrian
pic1 (187).jpg,pedestrian
pic1 (188).jpg,pedestrian
pic1 (189).jpg,pedestrian
pic1 (190).jpg,pedestrian
pic_001.jpg,pedestrian
pic_002.jpg,pedestrian
pic_003.jpg,pedestrian
pic_004.jpg,pedestrian
pic_005.jpg,pedestrian
pic_006.jpg,pedestrian
pic_007.jpg,pedestrian
pic_008.jpg,pedestrian
pic_009.jpg,pedestrian
pic_010.jpg,pedestrian
pic_011.jpg,pedestrian
pic_012.jpg,pedestrian
pic_013.jpg,pedestrian
pic_014.jpg,pedestrian
pic_015.jpg,pedestrian
pic_016.jpg,pedestrian
pic_017.jpg,pedestrian
pic_018.jpg,pedestrian
pic_019.jpg,pedestrian
pic_020.jpg,pedestrian
pic_021.jpg,pedestrian
pic_022.jpg,pedestrian
pic_023.jpg,pedestrian
pic_024.jpg,pedestrian
pic_025.jpg,pedestrian
pic_026.jpg,pedestrian
pic_027.jpg,pedestrian
pic_028.jpg,pedestrian
pic_029.jpg,pedestrian
pic_030.jpg,pedestrian
pic_031.jpg,pedestrian
pic_032.jpg,pedestrian
pic_033.jpg,pedestrian
pic_034.jpg,pedestrian
pic_035.jpg,pedestrian
pic_036.jpg,pedestrian
pic_037.jpg,pedestrian
pic_038.jpg,pedestrian
pic_039.jpg,pedestrian
pic_040.jpg,pedestrian
pic_041.jpg,pedestrian
pic_042.jpg,pedestrian
pic_043.jpg,pedestrian
pic_044.jpg,pedestrian
pic_045.jpg,pedestrian
pic_046.jpg,pedestrian
pic_047.jpg,pedestrian
pic_048.jpg,pedestrian
pic_049.jpg,pedestrian
pic_050.jpg,pedestrian
pic_051.jpg,pedestrian
pic_052.jpg,pedestrian
pic_053.jpg,pedestrian
pic_054.jpg,pedestrian
pic_055.jpg,pedestrian
pic_056.jpg,pedestrian
pic_057.jpg,pedestrian
pic_058.jpg,pedestrian
pic_059.jpg,pedestrian
pic_060.jpg,pedestrian
pic_061.jpg,pedestrian
pic_062.jpg,pedestrian
pic_063.jpg,pedestrian
pic_064.jpg,pedestrian
pic_065.jpg,pedestrian
pic_066.jpg,pedestrian
pic_067.jpg,pedestrian
pic_068.jpg,pedestrian
pic_069.jpg,pedestrian
pic_070.jpg,pedestrian
pic_071.jpg,pedestrian
pic_072.jpg,pedestrian
pic_073.jpg,pedestrian
pic_074.jpg,pedestrian
pic_075.jpg,pedestrian
pic_076.jpg,pedestrian
pic_077.jpg,pedestrian
pic_078.jpg,pedestrian
pic_079.jpg,pedestrian
pic_080.jpg,pedestrian
pic_081.jpg,pedestrian
pic_082.jpg,pedestrian
pic_083.jpg,pedestrian
pic_084.jpg,pedestrian
pic_085.jpg,pedestrian
pic_086.jpg,pedestrian
pic_087.jpg,pedestrian
pic_088.jpg,pedestrian
pic_089.jpg,pedestrian
pic_090.jpg,pedestrian
pic_091.jpg,pedestrian
pic_092.jpg,pedestrian
pic_093.jpg,pedestrian
pic_094.jpg,pedestrian
pic_095.jpg,pedestrian
pic_096.jpg,pedestrian
pic_097.jpg,pedestrian
pic_098.jpg,pedestrian
pic_099.jpg,pedestrian
pic_100.jpg,pedestrian
pic_101.jpg,pedestrian
pic_102.jpg,pedestrian
pic_103.jpg,pedestrian
pic_104.jpg,pedestrian
pic_105.jpg,pedestrian
pic_106.jpg,pedestrian
pic_107.jpg,pedestrian
pic_108.jpg,pedestrian
pic_109.jpg,pedestrian
pic_110.jpg,pedestrian
pic_111.jpg,pedestrian
pic_112.jpg,pedestrian
pic_113.jpg,pedestrian
pic_114.jpg,pedestrian
pic_115.jpg,pedestrian
pic_116.jpg,pedestrian
pic_117.jpg,pedestrian
pic_118.jpg,pedestrian
pic_119.jpg,pedestrian
pic_120.jpg,pedestrian
pic_121.jpg,pedestrian
pic_122.jpg,pedestrian
pic_123.jpg,pedestrian
pic_124.jpg,pedestrian
pic_125.jpg,pedestrian
pic_126.jpg,pedestrian
pic_127.jpg,pedestrian
pic_128.jpg,pedestrian
pic_129.jpg,pedestrian
pic_130.jpg,pedestrian
pic_131.jpg,pedestrian
pic_132.jpg,pedestrian
pic_133.jpg,pedestrian
pic_134.jpg,pedestrian
pic_135.jpg,pedestrian
pic_136.jpg,pedestrian
pic_137.jpg,pedestrian
pic_138.jpg,pedestrian
pic_139.jpg,pedestrian
pic_140.jpg,pedestrian
pic_141.jpg,pedestrian
pic_142.jpg,pedestrian
pic_143.jpg,pedestrian
pic_144.jpg,pedestrian
pic_145.jpg,pedestrian
pic_146.jpg,pedestrian
pic_147.jpg,pedestrian
pic_148.jpg,pedestrian
pic_149.jpg,pedestrian
pic_150.jpg,pedestrian
pic_151.jpg,pedestrian
pic_152.jpg,pedestrian
pic_153.jpg,pedestrian
pic_154.jpg,pedestrian
pic_155.jpg,pedestrian
pic_156.jpg,pedestrian
pic_157.jpg,pedestrian
pic_158.jpg,pedestrian
pic_159.jpg,pedestrian
pic_160.jpg,pedestrian
pic_161.jpg,pedestrian
pic_162.jpg,pedestrian
pic_163.jpg,pedestrian
pic_164.jpg,pedestrian
pic_165.jpg,pedestrian
pic_166.jpg,pedestrian
pic_167.jpg,pedestrian
pic_168.jpg,pedestrian
pic_169.jpg,pedestrian
pic_170.jpg,pedestrian
pic_171.jpg,pedestrian
pic_172.jpg,pedestrian
pic_173.jpg,pedestrian
pic_174.jpg,pedestrian
pic_175.jpg,pedestrian
pic_176.jpg,pedestrian
pic_177.jpg,pedestrian
pic_178.jpg,pedestrian
pic_179.jpg,pedestrian
pic_180.jpg,pedestrian
pic_181.jpg,pedestrian
pic_182.jpg,pedestrian
pic_183.jpg,pedestrian
pic_184.jpg,pedestrian
pic_185.jpg,pedestrian
pic_186.jpg,pedestrian
pic_187.jpg,pedestrian
pic_188.jpg,pedestrian
pic_189.jpg,pedestrian
pic_190.jpg,pedestrian
pic_191.jpg,pedestrian
pic_192.jpg,pedestrian
pic_193.jpg,pedestrian
pic_194.jpg,pedestrian
pic_195.jpg,pedestrian
pic_196.jpg,pedestrian
pic_197.jpg,pedestrian
pic_198.jpg,pedestrian
pic_199.jpg,pedestrian
pic_200.jpg,pedestrian
pic_201.jpg,pedestrian
pic_202.jpg,pedestrian
pic_203.jpg,pedestrian
pic_204.jpg,pedestrian
pic_205.jpg,pedestrian
pic_206.jpg,pedestrian
pic_207.jpg,pedestrian
pic_208.jpg,pedestrian
pic_209.jpg,pedestrian
pic_210.jpg,pedestrian
pic_211.jpg,pedestrian
pic_212.jpg,pedestrian
pic_213.jpg,pedestrian
pic_214.jpg,pedestrian
pic_215.jpg,pedestrian
pic_216.jpg,pedestrian
pic_217.jpg,pedestrian
pic_218.jpg,pedestrian
pic_219.jpg,pedestrian
pic_220.jpg,pedestrian
pic_221.jpg,pedestrian
pic_222.jpg,pedestrian
pic_223.jpg,pedestrian
pic_224.jpg,pedestrian
pic_225.jpg,pedestrian
pic_226.jpg,pedestrian
pic_227.jpg,pedestrian
pic_228.jpg,pedestrian
pic_229.jpg,pedestrian
pic_230.jpg,pedestrian
pic_231.jpg,pedestrian
pic_232.jpg,pedestrian
pic_233.jpg,pedestrian
pic_234.jpg,pedestrian
pic_235.jpg,pedestrian
pic_236.jpg,pedestrian
pic_237.jpg,pedestrian
pic_238.jpg,pedestrian
pic_239.jpg,pedestrian
pic_240.jpg,pedestrian
pic_241.jpg,pedestrian
pic_242.jpg,pedestrian
pic_243.jpg,pedestrian
pic_244.jpg,pedestrian
pic_245.jpg,pedestrian
pic_246.jpg,pedestrian
pic_247.jpg,pedestrian
pic_248.jpg,pedestrian
pic_249.jpg,pedestrian
pic_250.jpg,pedestrian
pic_251.jpg,pedestrian
pic_252.jpg,pedestrian
pic_253.jpg,pedestrian
pic_254.jpg,pedestrian
pic_255.jpg,pedestrian
pic_256.jpg,pedestrian
pic_257.jpg,pedestrian
pic_258.jpg,pedestrian
pic_259.jpg,pedestrian
pic_260.jpg,pedestrian
pic_261.jpg,pedestrian
pic_262.jpg,pedestrian
pic_263.jpg,pedestrian
pic_264.jpg,pedestrian
pic_265.jpg,pedestrian
pic_266.jpg,pedestrian
pic_267.jpg,pedestrian
pic_268.jpg,pedestrian
pic_269.jpg,pedestrian
pic_270.jpg,pedestrian
pic_271.jpg,pedestrian
pic_272.jpg,pedestrian
pic_273.jpg,pedestrian
pic_274.jpg,pedestrian
pic_275.jpg,pedestrian
pic_276.jpg,pedestrian
pic_277.jpg,pedestrian
pic_278.jpg,pedestrian
pic_279.jpg,pedestrian
pic_280.jpg,pedestrian
pic_281.jpg,pedestrian
pic_282.jpg,pedestrian
pic_283.jpg,pedestrian
pic_284.jpg,pedestrian
pic_285.jpg,pedestrian
pic_286.jpg,pedestrian
pic_287.jpg,pedestrian
pic_288.jpg,pedestrian
pic_289.jpg,pedestrian
pic_290.jpg,pedestrian
pic_291.jpg,pedestrian
pic_292.jpg,pedestrian
pic_293.jpg,pedestrian
pic_294.jpg,pedestrian
pic_295.jpg,pedestrian
pic_296.jpg,pedestrian
pic_297.jpg,pedestrian
pic_298.jpg,pedestrian
pic_299.jpg,pedestrian
pic_300.jpg,pedestrian
pic_301.jpg,pedestrian
pic_302.jpg,pedestrian
pic_303.jpg,pedestrian
pic_304.jpg,pedestrian
pic_305.jpg,pedestrian
pic_306.jpg,pedestrian
pic_307.jpg,pedestrian
pic_308.jpg,pedestrian
pic_309.jpg,pedestrian
pic_310.jpg,pedestrian
pic_311.jpg,pedestrian
pic_312.jpg,pedestrian
pic_313.jpg,pedestrian
pic_314.jpg,pedestrian
pic_315.jpg,pedestrian
pic_316.jpg,pedestrian
pic_317.jpg,pedestrian
pic_318.jpg,pedestrian
pic_319.jpg,pedestrian
pic_320.jpg,pedestrian
pic_321.jpg,pedestrian
pic_322.jpg,pedestrian
pic_323.jpg,pedestrian
pic_324.jpg,pedestrian
pic_325.jpg,pedestrian
pic_326.jpg,pedestrian
pic_327.jpg,pedestrian
pic_328.jpg,pedestrian
pic_329.jpg,pedestrian
pic_330.jpg,pedestrian
pic_331.jpg,pedestrian
pic_332.jpg,pedestrian
pic_333.jpg,pedestrian
pic_334.jpg,pedestrian
pic_335.jpg,pedestrian
pic_336.jpg,pedestrian
pic_337.jpg,pedestrian
pic_338.jpg,pedestrian
pic_339.jpg,pedestrian
pic_340.jpg,pedestrian
pic_341.jpg,pedestrian
pic_342.jpg,pedestrian
pic_343.jpg,pedestrian
pic_344.jpg,pedestrian
pic_345.jpg,pedestrian
pic_346.jpg,pedestrian
pic_347.jpg,pedestrian
pic_348.jpg,pedestrian
pic_349.jpg,pedestrian
pic_350.jpg,pedestrian
pic_351.jpg,pedestrian
pic_352.jpg,pedestrian
pic_353.jpg,pedestrian
pic_354.jpg,pedestrian
pic_355.jpg,pedestrian
pic_356.jpg,pedestrian
pic_357.jpg,pedestrian
pic_358.jpg,pedestrian
pic_359.jpg,pedestrian
pic_360.jpg,pedestrian
pic_361.jpg,pedestrian
pic_362.jpg,pedestrian
pic_363.jpg,pedestrian
pic_364.jpg,pedestrian
pic_365.jpg,pedestrian
pic_366.jpg,pedestrian
pic_367.jpg,pedestrian
pic_368.jpg,pedestrian
pic_369.jpg,pedestrian
pic_370.jpg,pedestrian
pic_371.jpg,pedestrian
pic_372.jpg,pedestrian
pic_373.jpg,pedestrian
pic_374.jpg,pedestrian
pic_375.jpg,pedestrian
pic_376.jpg,pedestrian
pic_377.jpg,pedestrian
pic_378.jpg,pedestrian
pic_379.jpg,pedestrian
pic_380.jpg,pedestrian
pic_381.jpg,pedestrian
pic_382.jpg,pedestrian
pic_383.jpg,pedestrian
pic_384.jpg,pedestrian
pic_385.jpg,pedestrian
pic_386.jpg,pedestrian
pic_387.jpg,pedestrian
pic_388.jpg,pedestrian
pic_389.jpg,pedestrian
pic_390.jpg,pedestrian
pic_391.jpg,pedestrian
pic_392.jpg,pedestrian
pic_393.jpg,pedestrian
pic_394.jpg,pedestrian
pic_395.jpg,pedestrian
pic_396.jpg,pedestrian
pic_397.jpg,pedestrian
pic_398.jpg,pedestrian
pic_399.jpg,pedestrian
pic_400.jpg,pedestrian
pic_401.jpg,pedestrian
pic_402.jpg,pedestrian
pic_403.jpg,pedestrian
pic_404.jpg,pedestrian
pic_405.jpg,pedestrian
pic_406.jpg,pedestrian
pic_407.jpg,pedestrian
pic_408.jpg,pedestrian
pic_409.jpg,pedestrian
pic_410.jpg,pedestrian
pic_411.jpg,pedestrian
pic_412.jpg,pedestrian
pic_413.jpg,pedestrian
pic_414.jpg,pedestrian
pic_415.jpg,pedestrian
pic_416.jpg,pedestrian
pic_417.jpg,pedestrian
pic_418.jpg,pedestrian
pic_419.jpg,pedestrian
pic_420.jpg,pedestrian
pic_421.jpg,pedestrian
pic_422.jpg,pedestrian
pic_423.jpg,pedestrian
pic_424.jpg,pedestrian
pic_425.jpg,pedestrian
pic_426.jpg,pedestrian
pic_427.jpg,pedestrian
pic_428.jpg,pedestrian
pic_429.jpg,pedestrian
pic_430.jpg,pedestrian
pic_431.jpg,pedestrian
pic_432.jpg,pedestrian
pic_433.jpg,pedestrian
pic_434.jpg,pedestrian
pic_435.jpg,pedestrian
pic_436.jpg,pedestrian
pic_437.jpg,pedestrian
pic_438.jpg,pedestrian
pic_439.jpg,pedestrian
pic_440.jpg,pedestrian
pic_441.jpg,pedestrian
train (1).jpg,no pedestrian
train (2).jpg,no pedestrian
train (3).jpg,no pedestrian
train (4).jpg,no pedestrian
train (5).jpg,no pedestrian
train (6).jpg,no pedestrian
train (7).jpg,no pedestrian
train (8).jpg,no pedestrian
train (9).jpg,no pedestrian
train (10).jpg,no pedestrian
train (11).jpg,no pedestrian
train (12).jpg,no pedestrian
train (13).jpg,no pedestrian
train (14).jpg,no pedestrian
train (15).jpg,no pedestrian
train (16).jpg,no pedestrian
train (17).jpg,no pedestrian
train (18).jpg,no pedestrian
train (19).jpg,no pedestrian
train (20).jpg,no pedestrian
train (21).jpg,no pedestrian
train (22).jpg,no pedestrian
train (23).jpg,no pedestrian
train (24).jpg,no pedestrian
train (25).jpg,no pedestrian
train (26).jpg,no pedestrian
train (27).jpg,no pedestrian
train (28).jpg,no pedestrian
train (29).jpg,no pedestrian
train (30).jpg,no pedestrian
train (31).jpg,no pedestrian
train (32).jpg,no pedestrian
train (33).jpg,no pedestrian
train (34).jpg,no pedestrian
train (35).jpg,no pedestrian
train (36).jpg,no pedestrian
train (37).jpg,no pedestrian
train (38).jpg,no pedestrian
train (39).jpg,no pedestrian
train (40).jpg,no pedestrian
train (41).jpg,no pedestrian
train (42).jpg,no pedestrian
train (43).jpg,no pedestrian
train (44).jpg,no pedestrian
train (45).jpg,no pedestrian
train (46).jpg,no pedestrian
train (47).jpg,no pedestrian
train (48).jpg,no pedestrian
train (49).jpg,no pedestrian
train (50).jpg,no pedestrian
train (51).jpg,no pedestrian
train (52).jpg,no pedestrian
train (53).jpg,no pedestrian
train (54).jpg,no pedestrian
train (55).jpg,no pedestrian
train (56).jpg,no pedestrian
train (57).jpg,no pedestrian
train (58).jpg,no pedestrian
train (59).jpg,no pedestrian
train (60).jpg,no pedestrian
train (61).jpg,no pedestrian
train (62).jpg,no pedestrian
train (63).jpg,no pedestrian
train (64).jpg,no pedestrian
train (65).jpg,no pedestrian
train (66).jpg,no pedestrian
train (67).jpg,no pedestrian
train (68).jpg,no pedestrian
train (69).jpg,no pedestrian
train (70).jpg,no pedestrian
train (71).jpg,no pedestrian
train (72).jpg,no pedestrian
train (73).jpg,no pedestrian
train (74).jpg,no pedestrian
train (75).jpg,no pedestrian
train (76).jpg,no pedestrian
train (77).jpg,no pedestrian
train (78).jpg,no pedestrian
train (79).jpg,no pedestrian
train (80).jpg,no pedestrian
train (81).jpg,no pedestrian
train (82).jpg,no pedestrian
train (83).jpg,no pedestrian
train (84).jpg,no pedestrian
train (85).jpg,no pedestrian
train (86).jpg,no pedestrian
train (87).jpg,no pedestrian
train (88).jpg,no pedestrian
train (89).jpg,no pedestrian
train (90).jpg,no pedestrian
train (91).jpg,no pedestrian
train (92).jpg,no pedestrian
train (93).jpg,no pedestrian
train (94).jpg,no pedestrian
train (95).jpg,no pedestrian
train (96).jpg,no pedestrian
train (97).jpg,no pedestrian
train (98).jpg,no pedestrian
train (99).jpg,no pedestrian
train (100).jpg,no pedestrian
train (101).jpg,no pedestrian
train (102).jpg,no pedestrian
train (103).jpg,no pedestrian
train (104).jpg,no pedestrian
train (105).jpg,no pedestrian
train (106).jpg,no pedestrian
train (107).jpg,no pedestrian
train (108).jpg,no pedestrian
train (109).jpg,no pedestrian
train (110).jpg,no pedestrian
train (111).jpg,no pedestrian
train (112).jpg,no pedestrian
train (113).jpg,no pedestrian
train (114).jpg,no pedestrian
train (115).jpg,no pedestrian
train (116).jpg,no pedestrian
train (117).jpg,no pedestrian
train (118).jpg,no pedestrian
train (119).jpg,no pedestrian
train (120).jpg,no pedestrian
train (121).jpg,no pedestrian
train (122).jpg,no pedestrian
train (123).jpg,no pedestrian
train (124).jpg,no pedestrian
train (125).jpg,no pedestrian
train (126).jpg,no pedestrian
train (127).jpg,no pedestrian
train (128).jpg,no pedestrian
train (129).jpg,no pedestrian
train (130).jpg,no pedestrian
train (131).jpg,no pedestrian
train (132).jpg,no pedestrian
train (133).jpg,no pedestrian
train (134).jpg,no pedestrian
train (135).jpg,no pedestrian
train (136).jpg,no pedestrian
train (137).jpg,no pedestrian
train (138).jpg,no pedestrian
train (139).jpg,no pedestrian
train (140).jpg,no pedestrian
train (141).jpg,no pedestrian
train (142).jpg,no pedestrian
train (143).jpg,no pedestrian
train (144).jpg,no pedestrian
train (145).jpg,no pedestrian
train (146).jpg,no pedestrian
train (147).jpg,no pedestrian
train (148).jpg,no pedestrian
train (149).jpg,no pedestrian
train (150).jpg,no pedestrian
train (151).jpg,no pedestrian
train (152).jpg,no pedestrian
train (153).jpg,no pedestrian
train (154).jpg,no pedestrian
train (155).jpg,no pedestrian
train (156).jpg,no pedestrian
train (157).jpg,no pedestrian
train (158).jpg,no pedestrian
train (159).jpg,no pedestrian
train (160).jpg,no pedestrian
train (161).jpg,no pedestrian
train (162).jpg,no pedestrian
train (163).jpg,no pedestrian
train (164).jpg,no pedestrian
train (165).jpg,no pedestrian
train (166).jpg,no pedestrian
train (167).jpg,no pedestrian
train (168).jpg,no pedestrian
train (169).jpg,no pedestrian
train (170).jpg,no pedestrian
train (171).jpg,no pedestrian
train (172).jpg,no pedestrian
train (173).jpg,no pedestrian
train (174).jpg,no pedestrian
train (175).jpg,no pedestrian
train (176).jpg,no pedestrian
train (177).jpg,no pedestrian
train (178).jpg,no pedestrian
train (179).jpg,no pedestrian
train (180).jpg,no pedestrian
train (181).jpg,no pedestrian
train (182).jpg,no pedestrian
train (183).jpg,no pedestrian
train (184).jpg,no pedestrian
train (185).jpg,no pedestrian
train (186).jpg,no pedestrian
train (187).jpg,no pedestrian
train (188).jpg,no pedestrian
train (189).jpg,no pedestrian
train (190).jpg,no pedestrian
train (191).jpg,no pedestrian
train (192).jpg,no pedestrian
train (193).jpg,no pedestrian
train (194).jpg,no pedestrian
train (195).jpg,no pedestrian
train (196).jpg,no pedestrian
train (197).jpg,no pedestrian
train (198).jpg,no pedestrian
train (199).jpg,no pedestrian
train (200).jpg,no pedestrian
train (201).jpg,no pedestrian
train (202).jpg,no pedestrian
train (203).jpg,no pedestrian
train (204).jpg,no pedestrian
train (205).jpg,no pedestrian
train (206).jpg,no pedestrian
train (207).jpg,no pedestrian
train (208).jpg,no pedestrian
train (209).jpg,no pedestrian
train (210).jpg,no pedestrian
train (211).jpg,no pedestrian
train (212).jpg,no pedestrian
train (213).jpg,no pedestrian
train (214).jpg,no pedestrian
train (215).jpg,no pedestrian
train (216).jpg,no pedestrian
train (217).jpg,no pedestrian
train (218).jpg,no pedestrian
train (219).jpg,no pedestrian
train (220).jpg,no pedestrian
train (221).jpg,no pedestrian
train (222).jpg,no pedestrian
train (223).jpg,no pedestrian
train (224).jpg,no pedestrian
train (225).jpg,no pedestrian
train (226).jpg,no pedestrian
train (227).jpg,no pedestrian
train (228).jpg,no pedestrian
train (229).jpg,no pedestrian
train (230).jpg,no pedestrian
train (231).jpg,no pedestrian
train (232).jpg,no pedestrian
train (233).jpg,no pedestrian
train (234).jpg,no pedestrian
train (235).jpg,no pedestrian
train (236).jpg,no pedestrian
train (237).jpg,no pedestrian
train (238).jpg,no pedestrian
train (239).jpg,no pedestrian
train (240).jpg,no pedestrian
train (241).jpg,no pedestrian
train (242).jpg,no pedestrian
train (243).jpg,no pedestrian
train (244).jpg,no pedestrian
train (245).jpg,no pedestrian
train (246).jpg,no pedestrian
train (247).jpg,no pedestrian
train (248).jpg,no pedestrian
train (249).jpg,no pedestrian
train (250).jpg,no pedestrian
train (251).jpg,no pedestrian
train (252).jpg,no pedestrian
train (253).jpg,no pedestrian
train (254).jpg,no pedestrian
train (255).jpg,no pedestrian
train (256).jpg,no pedestrian
train (257).jpg,no pedestrian
train (258).jpg,no pedestrian
train (259).jpg,no pedestrian
train (260).jpg,no pedestrian
train (261).jpg,no pedestrian
train (262).jpg,no pedestrian
train (263).jpg,no pedestrian
train (264).jpg,no pedestrian
train (265).jpg,no pedestrian
train (266).jpg,no pedestrian
train (267).jpg,no pedestrian
train (268).jpg,no pedestrian
train (269).jpg,no pedestrian
train (270).jpg,no pedestrian
train (271).jpg,no pedestrian
train (272).jpg,no pedestrian
train (273).jpg,no pedestrian
train (274).jpg,no pedestrian
train (275).jpg,no pedestrian
train (276).jpg,no pedestrian
train (277).jpg,no pedestrian
train (278).jpg,no pedestrian
train (279).jpg,no pedestrian
train (280).jpg,no pedestrian
train (281).jpg,no pedestrian
train (282).jpg,no pedestrian
train (283).jpg,no pedestrian
train (284).jpg,no pedestrian
train (285).jpg,no pedestrian
train (286).jpg,no pedestrian
train (287).jpg,no pedestrian
train (288).jpg,no pedestrian
train (289).jpg,no pedestrian
train (290).jpg,no pedestrian
train (291).jpg,no pedestrian
train (292).jpg,no pedestrian
train (293).jpg,no pedestrian
train (294).jpg,no pedestrian
train (295).jpg,no pedestrian
train (296).jpg,no pedestrian
train (297).jpg,no pedestrian
train (298).jpg,no pedestrian
train (299).jpg,no pedestrian
train (300).jpg,no pedestrian
train (301).jpg,no pedestrian
train (302).jpg,no pedestrian
train (303).jpg,no pedestrian
train (304).jpg,no pedestrian
train (305).jpg,no pedestrian
train (306).jpg,no pedestrian
train (307).jpg,no pedestrian
train (308).jpg,no pedestrian
train (309).jpg,no pedestrian
train (310).jpg,no pedestrian
train (311).jpg,no pedestrian
train (312).jpg,no pedestrian
train (313).jpg,no pedestrian
train (314).jpg,no pedestrian
train (315).jpg,no pedestrian
train (316).jpg,no pedestrian
train (317).jpg,no pedestrian
train (318).jpg,no pedestrian
train (319).jpg,no pedestrian
train (320).jpg,no pedestrian
train (321).jpg,no pedestrian
train (322).jpg,no pedestrian
train (323).jpg,no pedestrian
train (324).jpg,no pedestrian
train (325).jpg,no pedestrian
train (326).jpg,no pedestrian
train (327).jpg,no pedestrian
train (328).jpg,no pedestrian
train (329).jpg,no pedestrian
train (330).jpg,no pedestrian
train (331).jpg,no pedestrian
train (332).jpg,no pedestrian
train (333).jpg,no pedestrian
train (334).jpg,no pedestrian
train (335).jpg,no pedestrian
train (336).jpg,no pedestrian
train (337).jpg,no pedestrian
train (338).jpg,no pedestrian
train (339).jpg,no pedestrian
train (340).jpg,no pedestrian
train (341).jpg,no pedestrian
train (342).jpg,no pedestrian
train (343).jpg,no pedestrian
train (344).jpg,no pedestrian
train (345).jpg,no pedestrian
train (346).jpg,no pedestrian
train (347).jpg,no pedestrian
train (348).jpg,no pedestrian
train (349).jpg,no pedestrian
train (350).jpg,no pedestrian
train (351).jpg,no pedestrian
train (352).jpg,no pedestrian
train (353).jpg,no pedestrian
train (354).jpg,no pedestrian
train (355).jpg,no pedestrian
train (356).jpg,no pedestrian
train (357).jpg,no pedestrian
train (358).jpg,no pedestrian
train (359).jpg,no pedestrian
train (360).jpg,no pedestrian
train (361).jpg,no pedestrian
train (362).jpg,no pedestrian
train (363).jpg,no pedestrian
train (364).jpg,no pedestrian
train (365).jpg,no pedestrian
train (366).jpg,no pedestrian
train (367).jpg,no pedestrian
train (368).jpg,no pedestrian
train (369).jpg,no pedestrian
train (370).jpg,no pedestrian
train (371).jpg,no pedestrian
train (372).jpg,no pedestrian
train (373).jpg,no pedestrian
train (374).jpg,no pedestrian
train (375).jpg,no pedestrian
train (376).jpg,no pedestrian
train (377).jpg,no pedestrian
train (378).jpg,no pedestrian
train (379).jpg,no pedestrian
train (380).jpg,no pedestrian
train (381).jpg,no pedestrian
train (382).jpg,no pedestrian
train (383).jpg,no pedestrian
train (384).jpg,no pedestrian
train (385).jpg,no pedestrian
train (386).jpg,no pedestrian
train (387).jpg,no pedestrian
train (388).jpg,no pedestrian
train (389).jpg,no pedestrian
train (390).jpg,no pedestrian
train (391).jpg,no pedestrian
train (392).jpg,no pedestrian
train (393).jpg,no pedestrian
train (394).jpg,no pedestrian
train (395).jpg,no pedestrian
train (396).jpg,no pedestrian
train (397).jpg,no pedestrian
train (398).jpg,no pedestrian
train (399).jpg,no pedestrian
train (400).jpg,no pedestrian
train (401).jpg,no pedestrian
train (402).jpg,no pedestrian
train (403).jpg,no pedestrian
train (404).jpg,no pedestrian
train (405).jpg,no pedestrian
train (406).jpg,no pedestrian
train (407).jpg,no pedestrian
train (408).jpg,no pedestrian
train (409).jpg,no pedestrian
train (410).jpg,no pedestrian
train (411).jpg,no pedestrian
train (412).jpg,no pedestrian
train (413).jpg,no pedestrian
train (414).jpg,no pedestrian
train (415).jpg,no pedestrian
train (416).jpg,no pedestrian
train (417).jpg,no pedestrian
train (418).jpg,no pedestrian
train (419).jpg,no pedestrian
train (420).jpg,no pedestrian
train (421).jpg,no pedestrian
train (422).jpg,no pedestrian
train (423).jpg,no pedestrian
train (424).jpg,no pedestrian
train (425).jpg,no pedestrian
train (426).jpg,no pedestrian
train (427).jpg,no pedestrian
train (428).jpg,no pedestrian
train (429).jpg,no pedestrian
train (430).jpg,no pedestrian
train (431).jpg,no pedestrian
train (432).jpg,no pedestrian
train (433).jpg,no pedestrian
train (434).jpg,no pedestrian
train (435).jpg,no pedestrian
train (436).jpg,no pedestrian
train (437).jpg,no pedestrian
train (438).jpg,no pedestrian
train (439).jpg,no pedestrian
train (440).jpg,no pedestrian
train (441).jpg,no pedestrian
train (442).jpg,no pedestrian
train (443).jpg,no pedestrian
train (444).jpg,no pedestrian
train (445).jpg,no pedestrian
train (446).jpg,no pedestrian
train (447).jpg,no pedestrian
train (448).jpg,no pedestrian
train (449).jpg,no pedestrian
train (450).jpg,no pedestrian
train (451).jpg,no pedestrian
train (452).jpg,no pedestrian
train (453).jpg,no pedestrian
train (454).jpg,no pedestrian
train (455).jpg,no pedestrian
train (456).jpg,no pedestrian
train (457).jpg,no pedestrian
train (458).jpg,no pedestrian
train (459).jpg,no pedestrian
train (460).jpg,no pedestrian
train (461).jpg,no pedestrian
train (462).jpg,no pedestrian
train (463).jpg,no pedestrian
train (464).jpg,no pedestrian
train (465).jpg,no pedestrian
train (466).jpg,no pedestrian
train (467).jpg,no pedestrian
train (468).jpg,no pedestrian
train (469).jpg,no pedestrian
train (470).jpg,no pedestrian
train (471).jpg,no pedestrian
train (472).jpg,no pedestrian
train (473).jpg,no pedestrian
train (474).jpg,no pedestrian
train (475).jpg,no pedestrian
train (476).jpg,no pedestrian
train (477).jpg,no pedestrian
train (478).jpg,no pedestrian
train (479).jpg,no pedestrian
train (480).jpg,no pedestrian
train (481).jpg,no pedestrian
train (482).jpg,no pedestrian
train (483).jpg,no pedestrian
train (484).jpg,no pedestrian
train (485).jpg,no pedestrian
train (486).jpg,no pedestrian
train (487).jpg,no pedestrian
train (488).jpg,no pedestrian
train (489).jpg,no pedestrian
train (490).jpg,no pedestrian
train (491).jpg,no pedestrian
train (492).jpg,no pedestrian
train (493).jpg,no pedestrian
train (494).jpg,no pedestrian
train (495).jpg,no pedestrian
train (496).jpg,no pedestrian
train (497).jpg,no pedestrian
train (498).jpg,no pedestrian
train (499).jpg,no pedestrian
train (500).jpg,no pedestrian
train (501).jpg,no pedestrian
train (502).jpg,no pedestrian
train (503).jpg,no pedestrian
train (504).jpg,no pedestrian
train (505).jpg,no pedestrian
train (506).jpg,no pedestrian
train (507).jpg,no pedestrian
train (508).jpg,no pedestrian
train (509).jpg,no pedestrian
train (510).jpg,no pedestrian
train (511).jpg,no pedestrian
train (512).jpg,no pedestrian
train (513).jpg,no pedestrian
train (514).jpg,no pedestrian
train (515).jpg,no pedestrian
train (516).jpg,no pedestrian
train (517).jpg,no pedestrian
train (518).jpg,no pedestrian
train (519).jpg,no pedestrian
train (520).jpg,no pedestrian
train (521).jpg,no pedestrian
train (522).jpg,no pedestrian
train (523).jpg,no pedestrian
train (524).jpg,no pedestrian
train (525).jpg,no pedestrian
train (526).jpg,no pedestrian
train (527).jpg,no pedestrian
train (528).jpg,no pedestrian
train (529).jpg,no pedestrian
train (530).jpg,no pedestrian
train (531).jpg,no pedestrian
train (532).jpg,no pedestrian
train (533).jpg,no pedestrian
train (534).jpg,no pedestrian
train (535).jpg,no pedestrian
train (536).jpg,no pedestrian
train (537).jpg,no pedestrian
train (538).jpg,no pedestrian
train (539).jpg,no pedestrian
train (540).jpg,no pedestrian
train (541).jpg,no pedestrian
train (542).jpg,no pedestrian
train (543).jpg,no pedestrian
train (544).jpg,no pedestrian
train (545).jpg,no pedestrian
train (546).jpg,no pedestrian
train (547).jpg,no pedestrian
train (548).jpg,no pedestrian
train (549).jpg,no pedestrian
train (550).jpg,no pedestrian
train (551).jpg,no pedestrian
train (552).jpg,no pedestrian
train (553).jpg,no pedestrian
train (554).jpg,no pedestrian
train (555).jpg,no pedestrian
train (556).jpg,no pedestrian
train (557).jpg,no pedestrian
train (558).jpg,no pedestrian
train (559).jpg,no pedestrian
train (560).jpg,no pedestrian
train (561).jpg,no pedestrian
train (562).jpg,no pedestrian
train (563).jpg,no pedestrian
train (564).jpg,no pedestrian
train (565).jpg,no pedestrian
train (566).jpg,no pedestrian
train (567).jpg,no pedestrian
train (568).jpg,no pedestrian
train (569).jpg,no pedestrian
train (570).jpg,no pedestrian
train (571).jpg,no pedestrian
train (572).jpg,no pedestrian
train (573).jpg,no pedestrian
train (574).jpg,no pedestrian
train (575).jpg,no pedestrian
train (576).jpg,no pedestrian
train (577).jpg,no pedestrian
train (578).jpg,no pedestrian
train (579).jpg,no pedestrian
train (580).jpg,no pedestrian
train (581).jpg,no pedestrian
train (582).jpg,no pedestrian
train (583).jpg,no pedestrian
train (584).jpg,no pedestrian
train (585).jpg,no pedestrian
train (586).jpg,no pedestrian
train (587).jpg,no pedestrian
train (588).jpg,no pedestrian
train (589).jpg,no pedestrian
train (590).jpg,no pedestrian
train (591).jpg,no pedestrian
train (592).jpg,no pedestrian
train (593).jpg,no pedestrian
train (594).jpg,no pedestrian
train (595).jpg,no pedestrian
train (596).jpg,no pedestrian
train (597).jpg,no pedestrian
train (598).jpg,no pedestrian
train (599).jpg,no pedestrian
train (600).jpg,no pedestrian
train (601).jpg,no pedestrian
train (602).jpg,no pedestrian
train (603).jpg,no pedestrian
train (604).jpg,no pedestrian
train (605).jpg,no pedestrian
train (606).jpg,no pedestrian
train (607).jpg,no pedestrian
train (608).jpg,no pedestrian
train (609).jpg,no pedestrian
train (610).jpg,no pedestrian
train (611).jpg,no pedestrian
train (612).jpg,no pedestrian
train (613).jpg,no pedestrian
train (614).jpg,no pedestrian
train (615).jpg,no pedestrian
train (616).jpg,no pedestrian
train (617).jpg,no pedestrian
train (618).jpg,no pedestrian
train (619).jpg,no pedestrian
train (620).jpg,no pedestrian
train (621).jpg,no pedestrian
train (622).jpg,no pedestrian
train (623).jpg,no pedestrian
train (624).jpg,no pedestrian
train (625).jpg,no pedestrian
train (626).jpg,no pedestrian
train (627).jpg,no pedestrian
train (628).jpg,no pedestrian
train (629).jpg,no pedestrian
train (630).jpg,no pedestrian
train (631).jpg,no pedestrian
